{"cameraMode":{"drawMode":0,"name":"Shaded","section":"Shading Mode"},"sceneLighting":true,"audioPlay":false,"sceneViewState":{"m_AlwaysRefresh":false,"showFog":true,"showSkybox":true,"showFlares":true,"showImageEffects":true,"showParticleSystems":true,"showVisualEffectGraphs":true,"m_FxEnabled":true},"in2DMode":false,"pivot":{"x":4.027359962463379,"y":-0.40709376335144045,"z":-38.07466125488281},"rotation":{"x":0.12948910892009736,"y":-0.6963629126548767,"z":0.12995584309101106,"w":0.6938524842262268},"size":50.736183166503909,"orthographic":true}