{"cameraMode":{"drawMode":0,"name":"Shaded","section":"Shading Mode"},"sceneLighting":false,"audioPlay":false,"sceneViewState":{"m_AlwaysRefresh":false,"showFog":true,"showSkybox":false,"showFlares":true,"showImageEffects":true,"showParticleSystems":true,"showVisualEffectGraphs":true,"m_FxEnabled":true},"in2DMode":false,"pivot":{"x":13.232634544372559,"y":13.156417846679688,"z":-13.138275146484375},"rotation":{"x":0.007726410403847694,"y":-0.9252890944480896,"z":0.3787231743335724,"w":0.018876703456044198},"size":1.8543505668640137,"orthographic":false}